chain,token,target_wallet,direction,block_number,tx_hash,log_index,from,to,amount_raw,amount_cell,balance_before_cell,balance_after_cell
bsc,0xd98438889ae7364c7e2a3540547fad042fb24642,0xc3b8a652e59d59a71b00808c1fb2432857080ab8,in,35009339,0xffb159cebfbf30f9589d70b0299c3f7a877e63838d2393b8a40c88c49c08ed8e,1,0x44c19a079b869a3e74942df2cfe0152f834a458d,0xc3b8a652e59d59a71b00808c1fb2432857080ab8,106222772277227722773,106.222772277227722773,21000000,21000106.222772277227722773
bsc,0xd98438889ae7364c7e2a3540547fad042fb24642,0xc3b8a652e59d59a71b00808c1fb2432857080ab8,out,37472090,0x276bc5ae3c419d64993816f1abcc24600b4435e0e8b0c6514ad085c077ba1035,180,0xc3b8a652e59d59a71b00808c1fb2432857080ab8,0x4cb57ffc74460772c84e07b684cf59b730802810,200000000000000000000000,200000,21000106.222772277227722773,20800106.222772277227722773
bsc,0xd98438889ae7364c7e2a3540547fad042fb24642,0xc3b8a652e59d59a71b00808c1fb2432857080ab8,out,37533294,0x25ed5dbf33067c71e42aeba39869dfa85a4424042387aba2d8c2b2746346316e,321,0xc3b8a652e59d59a71b00808c1fb2432857080ab8,0x71f95edf9dd132970036fa3202d313ac2a4b9468,100000000000000000000000,100000,20800106.222772277227722773,20700106.222772277227722773
bsc,0xd98438889ae7364c7e2a3540547fad042fb24642,0xc3b8a652e59d59a71b00808c1fb2432857080ab8,out,38883839,0xc8c7ceec7394fc565ee93c35d4822c33597b836fbacb38460b8b671daed4b100,349,0xc3b8a652e59d59a71b00808c1fb2432857080ab8,0x35ce1677d3d6aaaacd96510704d3c8617a12ee60,190000000000000000000000,190000,20700106.222772277227722773,20510106.222772277227722773
bsc,0xd98438889ae7364c7e2a3540547fad042fb24642,0xc3b8a652e59d59a71b00808c1fb2432857080ab8,out,39176186,0x6a511a706aa7fa0644fd5239ea97cac104d7c070b2d517558fcd4a1e19e4d363,219,0xc3b8a652e59d59a71b00808c1fb2432857080ab8,0x4cb57ffc74460772c84e07b684cf59b730802810,210106000000000000000000,210106,20510106.222772277227722773,20300000.222772277227722773
bsc,0xd98438889ae7364c7e2a3540547fad042fb24642,0xc3b8a652e59d59a71b00808c1fb2432857080ab8,out,39548668,0xbc92895ca4a78c1fabc4e3cb97beb2ab687e8d9a026c48bedcbdb5281eb02119,251,0xc3b8a652e59d59a71b00808c1fb2432857080ab8,0x35ce1677d3d6aaaacd96510704d3c8617a12ee60,300000000000000000000000,300000,20300000.222772277227722773,20000000.222772277227722773
bsc,0xd98438889ae7364c7e2a3540547fad042fb24642,0xc3b8a652e59d59a71b00808c1fb2432857080ab8,out,40401835,0x495bf314821d8fb1f2179d2e8bbd83f1d66c9396cbf52a00cfec5d518034e683,111,0xc3b8a652e59d59a71b00808c1fb2432857080ab8,0x8c85de6323e1808f160cedf67af299d6bbb405bd,150000000000000000000000,150000,20000000.222772277227722773,19850000.222772277227722773
bsc,0xd98438889ae7364c7e2a3540547fad042fb24642,0xc3b8a652e59d59a71b00808c1fb2432857080ab8,out,40750043,0x282eae7d40e21eebfd782940da92d91b1ac8f7c9e395f58a53774250f498da22,155,0xc3b8a652e59d59a71b00808c1fb2432857080ab8,0x35ce1677d3d6aaaacd96510704d3c8617a12ee60,1985000000000000000000000,1985000,19850000.222772277227722773,17865000.222772277227722773
bsc,0xd98438889ae7364c7e2a3540547fad042fb24642,0xc3b8a652e59d59a71b00808c1fb2432857080ab8,out,41011818,0xd813f6b050bd06a7ec7f1ec049d2f7a949e6aac66a0425b8b0dc64f13aa122e0,353,0xc3b8a652e59d59a71b00808c1fb2432857080ab8,0x8c85de6323e1808f160cedf67af299d6bbb405bd,87000000000000000000000,87000,17865000.222772277227722773,17778000.222772277227722773
bsc,0xd98438889ae7364c7e2a3540547fad042fb24642,0xc3b8a652e59d59a71b00808c1fb2432857080ab8,out,42151986,0xde928e3728e15dc879e517f8a4e6e5b45d3800e8753fc3605d2410edc402a878,415,0xc3b8a652e59d59a71b00808c1fb2432857080ab8,0xe0ca82008f52dd94a4314c4869a0294e8c136f1d,2000000000000000000000000,2000000,17778000.222772277227722773,15778000.222772277227722773
bsc,0xd98438889ae7364c7e2a3540547fad042fb24642,0xc3b8a652e59d59a71b00808c1fb2432857080ab8,out,43304624,0xe1816879cb3b71031b961a8f885e6a134fcaf27fb981c4c69e20b5f8b0c1e5f1,217,0xc3b8a652e59d59a71b00808c1fb2432857080ab8,0x8c85de6323e1808f160cedf67af299d6bbb405bd,1400000000000000000000000,1400000,15778000.222772277227722773,14378000.222772277227722773
bsc,0xd98438889ae7364c7e2a3540547fad042fb24642,0xc3b8a652e59d59a71b00808c1fb2432857080ab8,in,43307985,0xf5cb047421f60ce8845842b2a9c6f30e2fe092a295c1a014e1a979d478f8cebe,75,0x65def3ea531fd80354ec11c611ae4faa06068f27,0xc3b8a652e59d59a71b00808c1fb2432857080ab8,399999367000000000000000,399999.367,14378000.222772277227722773,14777999.589772277227722773
bsc,0xd98438889ae7364c7e2a3540547fad042fb24642,0xc3b8a652e59d59a71b00808c1fb2432857080ab8,in,43311549,0xb00596837d32ee085bde2c16dbc6ddc40f7b56cd3aa0bbbca843d43d5774f97e,45,0x65def3ea531fd80354ec11c611ae4faa06068f27,0xc3b8a652e59d59a71b00808c1fb2432857080ab8,399999367000000000000000,399999.367,14777999.589772277227722773,15177998.956772277227722773
bsc,0xd98438889ae7364c7e2a3540547fad042fb24642,0xc3b8a652e59d59a71b00808c1fb2432857080ab8,out,44781443,0x1da9eecee14bdc9f34a24d7598cca9ac2bf688a9465116b42518997dc143f469,390,0xc3b8a652e59d59a71b00808c1fb2432857080ab8,0x8c85de6323e1808f160cedf67af299d6bbb405bd,300000000000000000000000,300000,15177998.956772277227722773,14877998.956772277227722773
bsc,0xd98438889ae7364c7e2a3540547fad042fb24642,0xc3b8a652e59d59a71b00808c1fb2432857080ab8,out,45580295,0x1deecbe7f91fb6153638805f737f2a17974bc14977a8eb7e9abd70104bb9fc96,184,0xc3b8a652e59d59a71b00808c1fb2432857080ab8,0x35ce1677d3d6aaaacd96510704d3c8617a12ee60,150000000000000000000000,150000,14877998.956772277227722773,14727998.956772277227722773
bsc,0xd98438889ae7364c7e2a3540547fad042fb24642,0xc3b8a652e59d59a71b00808c1fb2432857080ab8,out,45784338,0x9a11a3ff9c35fca1d93725f79a21890cbccfa518cbd5379f5480e650f2ad7707,332,0xc3b8a652e59d59a71b00808c1fb2432857080ab8,0x52105eee8e836ff9e60cb02c0a665cbe2fc3a30d,173000000000000000000000,173000,14727998.956772277227722773,14554998.956772277227722773
bsc,0xd98438889ae7364c7e2a3540547fad042fb24642,0xc3b8a652e59d59a71b00808c1fb2432857080ab8,out,45979529,0xd426e1f79f59fc62c4b365a2e5500eeda61f4c8eb215eb4423e08057d13a038e,262,0xc3b8a652e59d59a71b00808c1fb2432857080ab8,0x52105eee8e836ff9e60cb02c0a665cbe2fc3a30d,170000000000000000000000,170000,14554998.956772277227722773,14384998.956772277227722773
bsc,0xd98438889ae7364c7e2a3540547fad042fb24642,0xc3b8a652e59d59a71b00808c1fb2432857080ab8,out,46445973,0xf68979bb387c58d4d5834a9263019ba09561c28f2fafac972780a86774ebe7fe,289,0xc3b8a652e59d59a71b00808c1fb2432857080ab8,0x7d1a7fd9eb07e6d9f68bb94f8024d3b613d658fc,138000000000000000000000,138000,14384998.956772277227722773,14246998.956772277227722773
bsc,0xd98438889ae7364c7e2a3540547fad042fb24642,0xc3b8a652e59d59a71b00808c1fb2432857080ab8,out,46678593,0x4855fa1374ab180e28092038a6fe28b99cbe658fa630629aeec1892518eb9ff0,409,0xc3b8a652e59d59a71b00808c1fb2432857080ab8,0x52105eee8e836ff9e60cb02c0a665cbe2fc3a30d,250000000000000000000000,250000,14246998.956772277227722773,13996998.956772277227722773
bsc,0xd98438889ae7364c7e2a3540547fad042fb24642,0xc3b8a652e59d59a71b00808c1fb2432857080ab8,out,47171473,0x9351d7b267bdb6911fe6e62fb768a0d0f9bed028ff3be26f28c54f98db930790,470,0xc3b8a652e59d59a71b00808c1fb2432857080ab8,0x3a1d9d7ce77616c381e913a1293a44feb9b99b14,200000000000000000000000,200000,13996998.956772277227722773,13796998.956772277227722773
bsc,0xd98438889ae7364c7e2a3540547fad042fb24642,0xc3b8a652e59d59a71b00808c1fb2432857080ab8,out,47627889,0xb37d05bef87b4cad87e51799658b71edd8c9dd16180c387e1ababdadac6e5a22,419,0xc3b8a652e59d59a71b00808c1fb2432857080ab8,0x49a30e4432cae51f1b600dd21a9d08bded6ca9df,150000000000000000000000,150000,13796998.956772277227722773,13646998.956772277227722773
bsc,0xd98438889ae7364c7e2a3540547fad042fb24642,0xc3b8a652e59d59a71b00808c1fb2432857080ab8,out,48004961,0x045686bcb13659e250e509b48eb7031b3abfb84d5af20416696d5facb909d3e8,297,0xc3b8a652e59d59a71b00808c1fb2432857080ab8,0x49a30e4432cae51f1b600dd21a9d08bded6ca9df,200000000000000000000000,200000,13646998.956772277227722773,13446998.956772277227722773
bsc,0xd98438889ae7364c7e2a3540547fad042fb24642,0xc3b8a652e59d59a71b00808c1fb2432857080ab8,out,48051483,0x40ab137fb16a8d93924030afcf79e32a8d372c5709e1de2eb4c445506507949e,210,0xc3b8a652e59d59a71b00808c1fb2432857080ab8,0x9d9f224b5201a0bc6baefab4a42f31c00db3bb2d,100000000000000000000000,100000,13446998.956772277227722773,13346998.956772277227722773
bsc,0xd98438889ae7364c7e2a3540547fad042fb24642,0xc3b8a652e59d59a71b00808c1fb2432857080ab8,out,48153334,0x50f1a0f841e57665d8d78076dd058c1bcec7afd2ee16282a5e24e102ecfd7fa4,454,0xc3b8a652e59d59a71b00808c1fb2432857080ab8,0x9d9f224b5201a0bc6baefab4a42f31c00db3bb2d,250000000000000000000000,250000,13346998.956772277227722773,13096998.956772277227722773
bsc,0xd98438889ae7364c7e2a3540547fad042fb24642,0xc3b8a652e59d59a71b00808c1fb2432857080ab8,out,48256569,0xf9ea29538bb0e73d3106aa8612d28881494e65031d9b4c7d32db43f2552cc716,378,0xc3b8a652e59d59a71b00808c1fb2432857080ab8,0x9d9f224b5201a0bc6baefab4a42f31c00db3bb2d,170000000000000000000000,170000,13096998.956772277227722773,12926998.956772277227722773
bsc,0xd98438889ae7364c7e2a3540547fad042fb24642,0xc3b8a652e59d59a71b00808c1fb2432857080ab8,out,48375453,0x59be34c2b0d9b3f52d047b440763212f00febe518a248d3e46a8c04d7e925df6,311,0xc3b8a652e59d59a71b00808c1fb2432857080ab8,0x8c85de6323e1808f160cedf67af299d6bbb405bd,270000000000000000000000,270000,12926998.956772277227722773,12656998.956772277227722773
bsc,0xd98438889ae7364c7e2a3540547fad042fb24642,0xc3b8a652e59d59a71b00808c1fb2432857080ab8,out,48542523,0x4a5bc5adfada0e4f878ea9b88715a678f94791366c874c8c234bf67e133c6c11,280,0xc3b8a652e59d59a71b00808c1fb2432857080ab8,0x9d9f224b5201a0bc6baefab4a42f31c00db3bb2d,150000000000000000000000,150000,12656998.956772277227722773,12506998.956772277227722773
bsc,0xd98438889ae7364c7e2a3540547fad042fb24642,0xc3b8a652e59d59a71b00808c1fb2432857080ab8,out,48604731,0x25265217f96df1c5980f0cea1e88dc32f0ba167f82bfe6e8ed79e092eda00717,690,0xc3b8a652e59d59a71b00808c1fb2432857080ab8,0x9d9f224b5201a0bc6baefab4a42f31c00db3bb2d,270000000000000000000000,270000,12506998.956772277227722773,12236998.956772277227722773
bsc,0xd98438889ae7364c7e2a3540547fad042fb24642,0xc3b8a652e59d59a71b00808c1fb2432857080ab8,out,48897815,0x72e07888077b4effe7929168d1be6d189c9535417c37d32a69248f00ab666310,404,0xc3b8a652e59d59a71b00808c1fb2432857080ab8,0x9d9f224b5201a0bc6baefab4a42f31c00db3bb2d,90000000000000000000000,90000,12236998.956772277227722773,12146998.956772277227722773
bsc,0xd98438889ae7364c7e2a3540547fad042fb24642,0xc3b8a652e59d59a71b00808c1fb2432857080ab8,out,49202957,0x12fceda0c0f9668fe603b8069c4fe3ef34cbecd29780f3b2c717262884504548,357,0xc3b8a652e59d59a71b00808c1fb2432857080ab8,0x9d9f224b5201a0bc6baefab4a42f31c00db3bb2d,150000000000000000000000,150000,12146998.956772277227722773,11996998.956772277227722773
bsc,0xd98438889ae7364c7e2a3540547fad042fb24642,0xc3b8a652e59d59a71b00808c1fb2432857080ab8,out,49591918,0xb42f9af22747703d8ed5e759dde4a69235b70589bfa78c563842e2735352088c,745,0xc3b8a652e59d59a71b00808c1fb2432857080ab8,0x9d9f224b5201a0bc6baefab4a42f31c00db3bb2d,190000000000000000000000,190000,11996998.956772277227722773,11806998.956772277227722773
bsc,0xd98438889ae7364c7e2a3540547fad042fb24642,0xc3b8a652e59d59a71b00808c1fb2432857080ab8,out,50057499,0x4ff0f278240cf5842c66e09b79ee999c3dafa475a0f0d670e074c6cde38792cf,1826,0xc3b8a652e59d59a71b00808c1fb2432857080ab8,0x3a1d9d7ce77616c381e913a1293a44feb9b99b14,110000000000000000000000,110000,11806998.956772277227722773,11696998.956772277227722773
bsc,0xd98438889ae7364c7e2a3540547fad042fb24642,0xc3b8a652e59d59a71b00808c1fb2432857080ab8,out,50337514,0xb7122997a4a53feefe9213ec04027a7900fa9d693fcf1623bd3fde2314180379,1256,0xc3b8a652e59d59a71b00808c1fb2432857080ab8,0x49a30e4432cae51f1b600dd21a9d08bded6ca9df,180000000000000000000000,180000,11696998.956772277227722773,11516998.956772277227722773
bsc,0xd98438889ae7364c7e2a3540547fad042fb24642,0xc3b8a652e59d59a71b00808c1fb2432857080ab8,out,50343298,0x5b20dc88f5d130943cfc985d60bb32581bb4fd61ac7c4d36e6e797ac9f15fb4e,1177,0xc3b8a652e59d59a71b00808c1fb2432857080ab8,0x9d9f224b5201a0bc6baefab4a42f31c00db3bb2d,120000000000000000000000,120000,11516998.956772277227722773,11396998.956772277227722773
bsc,0xd98438889ae7364c7e2a3540547fad042fb24642,0xc3b8a652e59d59a71b00808c1fb2432857080ab8,out,50458553,0xeace0467b6fd5e3ccb19b773cb52d52f1af0878e073db479483a1c534631bbf6,1707,0xc3b8a652e59d59a71b00808c1fb2432857080ab8,0x3a1d9d7ce77616c381e913a1293a44feb9b99b14,90000000000000000000000,90000,11396998.956772277227722773,11306998.956772277227722773
bsc,0xd98438889ae7364c7e2a3540547fad042fb24642,0xc3b8a652e59d59a71b00808c1fb2432857080ab8,out,50572839,0x2bb504eb11f6e2bad4965d094d516587f44799db8aa765df26ab2548b7996c6e,88,0xc3b8a652e59d59a71b00808c1fb2432857080ab8,0x65def3ea531fd80354ec11c611ae4faa06068f27,200000000000000000000000,200000,11306998.956772277227722773,11106998.956772277227722773
bsc,0xd98438889ae7364c7e2a3540547fad042fb24642,0xc3b8a652e59d59a71b00808c1fb2432857080ab8,out,50574300,0xc111e566a0ce81dd8eda65547ff97d9d1ced965ceae5864bf43f081dfbf97b8a,130,0xc3b8a652e59d59a71b00808c1fb2432857080ab8,0x65def3ea531fd80354ec11c611ae4faa06068f27,200000000000000000000000,200000,11106998.956772277227722773,10906998.956772277227722773
bsc,0xd98438889ae7364c7e2a3540547fad042fb24642,0xc3b8a652e59d59a71b00808c1fb2432857080ab8,out,50936874,0x553d7db88ab2e5529b1552e762f7f2950f97a061755d15011da5707e14ef45c0,829,0xc3b8a652e59d59a71b00808c1fb2432857080ab8,0x9d9f224b5201a0bc6baefab4a42f31c00db3bb2d,90000000000000000000000,90000,10906998.956772277227722773,10816998.956772277227722773
bsc,0xd98438889ae7364c7e2a3540547fad042fb24642,0xc3b8a652e59d59a71b00808c1fb2432857080ab8,out,51263730,0xddd22b28e7fbba069ba8dff542253b35c895314089a3e9cbe36e543406e204e4,1944,0xc3b8a652e59d59a71b00808c1fb2432857080ab8,0x9d9f224b5201a0bc6baefab4a42f31c00db3bb2d,200000000000000000000000,200000,10816998.956772277227722773,10616998.956772277227722773
bsc,0xd98438889ae7364c7e2a3540547fad042fb24642,0xc3b8a652e59d59a71b00808c1fb2432857080ab8,out,51547793,0xf946376938e5a41ce02d86b9ed7b46cfe442911f6142b97738e452130a5abeb8,2220,0xc3b8a652e59d59a71b00808c1fb2432857080ab8,0x3d30b8eac0531ad60f98d933dc91b965551f949c,100000000000000000000000,100000,10616998.956772277227722773,10516998.956772277227722773
bsc,0xd98438889ae7364c7e2a3540547fad042fb24642,0xc3b8a652e59d59a71b00808c1fb2432857080ab8,out,51547812,0x04676542c30f26b0e915d7c3ffcb07b2691637784a37c9b7a5bffc0beae62c9d,1517,0xc3b8a652e59d59a71b00808c1fb2432857080ab8,0x8c85de6323e1808f160cedf67af299d6bbb405bd,200000000000000000000000,200000,10616998.956772277227722773,10516998.956772277227722773
bsc,0xd98438889ae7364c7e2a3540547fad042fb24642,0xc3b8a652e59d59a71b00808c1fb2432857080ab8,out,51547793,0xf946376938e5a41ce02d86b9ed7b46cfe442911f6142b97738e452130a5abeb8,2220,0xc3b8a652e59d59a71b00808c1fb2432857080ab8,0x3d30b8eac0531ad60f98d933dc91b965551f949c,100000000000000000000000,100000,10516998.956772277227722773,10316998.956772277227722773
bsc,0xd98438889ae7364c7e2a3540547fad042fb24642,0xc3b8a652e59d59a71b00808c1fb2432857080ab8,out,51547812,0x04676542c30f26b0e915d7c3ffcb07b2691637784a37c9b7a5bffc0beae62c9d,1517,0xc3b8a652e59d59a71b00808c1fb2432857080ab8,0x8c85de6323e1808f160cedf67af299d6bbb405bd,200000000000000000000000,200000,10516998.956772277227722773,10316998.956772277227722773
bsc,0xd98438889ae7364c7e2a3540547fad042fb24642,0xc3b8a652e59d59a71b00808c1fb2432857080ab8,out,51549568,0xbbcaab62f14276968d7c3ef115ac1d592deab3fb24c45511698a7362887af2c7,708,0xc3b8a652e59d59a71b00808c1fb2432857080ab8,0x9d9f224b5201a0bc6baefab4a42f31c00db3bb2d,100000000000000000000000,100000,10316998.956772277227722773,10216998.956772277227722773
bsc,0xd98438889ae7364c7e2a3540547fad042fb24642,0xc3b8a652e59d59a71b00808c1fb2432857080ab8,out,52159944,0x2e2b19a4aa93c1245c07ba4b642583661305a529bbedb27aa3b1ebff82522542,1303,0xc3b8a652e59d59a71b00808c1fb2432857080ab8,0x9d9f224b5201a0bc6baefab4a42f31c00db3bb2d,180000000000000000000000,180000,10216998.956772277227722773,10036998.956772277227722773
bsc,0xd98438889ae7364c7e2a3540547fad042fb24642,0xc3b8a652e59d59a71b00808c1fb2432857080ab8,out,52193218,0xc3b9b4fd54a97de98c6a0d24250525c8b2a81cdb79bd19b7be6d99d4f16140ec,1227,0xc3b8a652e59d59a71b00808c1fb2432857080ab8,0x9d9f224b5201a0bc6baefab4a42f31c00db3bb2d,180000000000000000000000,180000,10036998.956772277227722773,9856998.956772277227722773
bsc,0xd98438889ae7364c7e2a3540547fad042fb24642,0xc3b8a652e59d59a71b00808c1fb2432857080ab8,out,52582841,0xb4cdba1f5a033aa63b02d2f292193cd6f5c7f11263bb5ed7c3b5095381a10f93,583,0xc3b8a652e59d59a71b00808c1fb2432857080ab8,0x9d9f224b5201a0bc6baefab4a42f31c00db3bb2d,100000000000000000000000,100000,9856998.956772277227722773,9756998.956772277227722773
bsc,0xd98438889ae7364c7e2a3540547fad042fb24642,0xc3b8a652e59d59a71b00808c1fb2432857080ab8,out,53291139,0xe1dbb75b3189362528f1b4638ed840dccaf33da2cf40a92cff8007a0e216a694,595,0xc3b8a652e59d59a71b00808c1fb2432857080ab8,0x9d9f224b5201a0bc6baefab4a42f31c00db3bb2d,170000000000000000000000,170000,9756998.956772277227722773,9586998.956772277227722773
bsc,0xd98438889ae7364c7e2a3540547fad042fb24642,0xc3b8a652e59d59a71b00808c1fb2432857080ab8,out,53539345,0x056b18bd96a6c27e01447640ca98159b39b9c2c3e86eea6653dea9131dc69bd0,540,0xc3b8a652e59d59a71b00808c1fb2432857080ab8,0x9d9f224b5201a0bc6baefab4a42f31c00db3bb2d,170000000000000000000000,170000,9586998.956772277227722773,9416998.956772277227722773
bsc,0xd98438889ae7364c7e2a3540547fad042fb24642,0xc3b8a652e59d59a71b00808c1fb2432857080ab8,out,54228494,0xff8205c7859aeeeb35790be3ab34be7912558787dd3f6b07ff6d23c4871a0af1,523,0xc3b8a652e59d59a71b00808c1fb2432857080ab8,0x9d9f224b5201a0bc6baefab4a42f31c00db3bb2d,120000000000000000000000,120000,9416998.956772277227722773,9296998.956772277227722773
bsc,0xd98438889ae7364c7e2a3540547fad042fb24642,0xc3b8a652e59d59a71b00808c1fb2432857080ab8,out,55037122,0x192248b83b8712cf79b1d811563840f403f4d766fb3829a52019872cdcbbe7c5,721,0xc3b8a652e59d59a71b00808c1fb2432857080ab8,0x9d9f224b5201a0bc6baefab4a42f31c00db3bb2d,130000000000000000000000,130000,9296998.956772277227722773,9166998.956772277227722773
bsc,0xd98438889ae7364c7e2a3540547fad042fb24642,0xc3b8a652e59d59a71b00808c1fb2432857080ab8,out,55808555,0x2afbe5ccd66bca534bcc982265712c388be06ca4dc608be54218cc2a45c6bfbd,335,0xc3b8a652e59d59a71b00808c1fb2432857080ab8,0x9d9f224b5201a0bc6baefab4a42f31c00db3bb2d,160000000000000000000000,160000,9166998.956772277227722773,9006998.956772277227722773
bsc,0xd98438889ae7364c7e2a3540547fad042fb24642,0xc3b8a652e59d59a71b00808c1fb2432857080ab8,out,56051112,0x38d4cdfeca0c9add757db7718c437195ce253f45b84da025603c0c1e5650fa69,368,0xc3b8a652e59d59a71b00808c1fb2432857080ab8,0x9d9f224b5201a0bc6baefab4a42f31c00db3bb2d,90000000000000000000000,90000,9006998.956772277227722773,8916998.956772277227722773
bsc,0xd98438889ae7364c7e2a3540547fad042fb24642,0xc3b8a652e59d59a71b00808c1fb2432857080ab8,out,57206050,0x2c0c26d9a9bdefdc404a90a33b6281f88872ce20a9a681dc5ffba42369682f64,454,0xc3b8a652e59d59a71b00808c1fb2432857080ab8,0x9d9f224b5201a0bc6baefab4a42f31c00db3bb2d,180000000000000000000000,180000,8916998.956772277227722773,8736998.956772277227722773
bsc,0xd98438889ae7364c7e2a3540547fad042fb24642,0xc3b8a652e59d59a71b00808c1fb2432857080ab8,out,57207387,0x15a46e9e40550aff3abfa1b28973d7cd227a9600bb9fca54fe0e17449c2b0b50,307,0xc3b8a652e59d59a71b00808c1fb2432857080ab8,0x10a407d7da6655f89effcd7faa0673608a0fdfd1,190000000000000000000000,190000,8736998.956772277227722773,8546998.956772277227722773
bsc,0xd98438889ae7364c7e2a3540547fad042fb24642,0xc3b8a652e59d59a71b00808c1fb2432857080ab8,out,57332833,0xa90464b2b2b57fbe6b928535bd35aeffb86feb222809db00905899de8ad3b057,203,0xc3b8a652e59d59a71b00808c1fb2432857080ab8,0x10a407d7da6655f89effcd7faa0673608a0fdfd1,200000000000000000000000,200000,8546998.956772277227722773,8346998.956772277227722773
bsc,0xd98438889ae7364c7e2a3540547fad042fb24642,0xc3b8a652e59d59a71b00808c1fb2432857080ab8,out,57458476,0x70ea7c2d1232538b37f088c1baa3a2e9aacbd1f175353585ee6836950e8c0884,531,0xc3b8a652e59d59a71b00808c1fb2432857080ab8,0x10a407d7da6655f89effcd7faa0673608a0fdfd1,190000000000000000000000,190000,8346998.956772277227722773,8156998.956772277227722773
bsc,0xd98438889ae7364c7e2a3540547fad042fb24642,0xc3b8a652e59d59a71b00808c1fb2432857080ab8,out,57579066,0x62507be7355aaf575dccf125277c23a13bd4a5329822e0c29210e930545f4c1c,674,0xc3b8a652e59d59a71b00808c1fb2432857080ab8,0x9d9f224b5201a0bc6baefab4a42f31c00db3bb2d,90000000000000000000000,90000,8156998.956772277227722773,8066998.956772277227722773
bsc,0xd98438889ae7364c7e2a3540547fad042fb24642,0xc3b8a652e59d59a71b00808c1fb2432857080ab8,out,57580119,0x477fb939f9ebe27c0114e01578b164433cc7056d95716e25147e8bbc35c23e23,595,0xc3b8a652e59d59a71b00808c1fb2432857080ab8,0x10a407d7da6655f89effcd7faa0673608a0fdfd1,90000000000000000000000,90000,8066998.956772277227722773,7976998.956772277227722773
bsc,0xd98438889ae7364c7e2a3540547fad042fb24642,0xc3b8a652e59d59a71b00808c1fb2432857080ab8,out,57678167,0x75c7b2d5e317114dce9cebe3b9d8b455fea8009c8960874a1b0501075d8ed6b7,357,0xc3b8a652e59d59a71b00808c1fb2432857080ab8,0x9d9f224b5201a0bc6baefab4a42f31c00db3bb2d,90000000000000000000000,90000,7976998.956772277227722773,7886998.956772277227722773
bsc,0xd98438889ae7364c7e2a3540547fad042fb24642,0xc3b8a652e59d59a71b00808c1fb2432857080ab8,out,59051877,0x839048f3de700f4a843a3134ec2db63434ea0f7291af21a40287bbbadf22c0c4,400,0xc3b8a652e59d59a71b00808c1fb2432857080ab8,0x3a1d9d7ce77616c381e913a1293a44feb9b99b14,90000000000000000000000,90000,7886998.956772277227722773,7796998.956772277227722773
bsc,0xd98438889ae7364c7e2a3540547fad042fb24642,0xc3b8a652e59d59a71b00808c1fb2432857080ab8,out,59069349,0x1c5a88b556fe7fd7b4207101a43a1ab82209985f3fc39297f24e1888f2b1e739,348,0xc3b8a652e59d59a71b00808c1fb2432857080ab8,0x49a30e4432cae51f1b600dd21a9d08bded6ca9df,100000000000000000000000,100000,7796998.956772277227722773,7696998.956772277227722773
bsc,0xd98438889ae7364c7e2a3540547fad042fb24642,0xc3b8a652e59d59a71b00808c1fb2432857080ab8,out,59153681,0xf49a8da6f37c93025811a37f2b9663443bd8bca0754711d73ba0a19306902d17,371,0xc3b8a652e59d59a71b00808c1fb2432857080ab8,0x3a1d9d7ce77616c381e913a1293a44feb9b99b14,140000000000000000000000,140000,7696998.956772277227722773,7556998.956772277227722773
bsc,0xd98438889ae7364c7e2a3540547fad042fb24642,0xc3b8a652e59d59a71b00808c1fb2432857080ab8,out,59186264,0x811d6f44157d9af905596e35f96cccc241bef7e7877e9789131aeb15d656d99e,396,0xc3b8a652e59d59a71b00808c1fb2432857080ab8,0x3a1d9d7ce77616c381e913a1293a44feb9b99b14,160000000000000000000000,160000,7556998.956772277227722773,7396998.956772277227722773
bsc,0xd98438889ae7364c7e2a3540547fad042fb24642,0xc3b8a652e59d59a71b00808c1fb2432857080ab8,out,59289794,0x9c280729f79911b7e5ea23c55c2ac30eb29d87bb9617612526575831e520f701,286,0xc3b8a652e59d59a71b00808c1fb2432857080ab8,0x3a1d9d7ce77616c381e913a1293a44feb9b99b14,60000000000000000000000,60000,7396998.956772277227722773,7336998.956772277227722773
bsc,0xd98438889ae7364c7e2a3540547fad042fb24642,0xc3b8a652e59d59a71b00808c1fb2432857080ab8,out,60088979,0x0676dae97b0ab8749ab3e311a438b2c558c7b25ab648e1fcf7aee7f4e4071059,462,0xc3b8a652e59d59a71b00808c1fb2432857080ab8,0x3a1d9d7ce77616c381e913a1293a44feb9b99b14,90000000000000000000000,90000,7336998.956772277227722773,7156998.956772277227722773
bsc,0xd98438889ae7364c7e2a3540547fad042fb24642,0xc3b8a652e59d59a71b00808c1fb2432857080ab8,out,60088979,0x0676dae97b0ab8749ab3e311a438b2c558c7b25ab648e1fcf7aee7f4e4071059,465,0xc3b8a652e59d59a71b00808c1fb2432857080ab8,0x3a1d9d7ce77616c381e913a1293a44feb9b99b14,90000000000000000000000,90000,7336998.956772277227722773,7156998.956772277227722773
bsc,0xd98438889ae7364c7e2a3540547fad042fb24642,0xc3b8a652e59d59a71b00808c1fb2432857080ab8,out,60794122,0x35f261cca7fa7f256c1322d9f898c39b43a6d767286aa4539a8a3dc16f205d5c,610,0xc3b8a652e59d59a71b00808c1fb2432857080ab8,0x3a1d9d7ce77616c381e913a1293a44feb9b99b14,160000000000000000000000,160000,7156998.956772277227722773,6996998.956772277227722773
bsc,0xd98438889ae7364c7e2a3540547fad042fb24642,0xc3b8a652e59d59a71b00808c1fb2432857080ab8,out,60893968,0xa2740ce52e296836204d8c3c922d8f850bf915b046611573303b48cfcd7b7479,696,0xc3b8a652e59d59a71b00808c1fb2432857080ab8,0x3a1d9d7ce77616c381e913a1293a44feb9b99b14,140000000000000000000000,140000,6996998.956772277227722773,6856998.956772277227722773
bsc,0xd98438889ae7364c7e2a3540547fad042fb24642,0xc3b8a652e59d59a71b00808c1fb2432857080ab8,out,61335263,0x441bdf56f2f5f2875c3af78b0ce935bb9daa85052fd3f390fdfd43541e59a874,460,0xc3b8a652e59d59a71b00808c1fb2432857080ab8,0x3a1d9d7ce77616c381e913a1293a44feb9b99b14,180000000000000000000000,180000,6856998.956772277227722773,6676998.956772277227722773
bsc,0xd98438889ae7364c7e2a3540547fad042fb24642,0xc3b8a652e59d59a71b00808c1fb2432857080ab8,out,61356051,0x4ccee68a03f1dad1137271181529636d8e13e339d8800024d60163a3c7100c0e,377,0xc3b8a652e59d59a71b00808c1fb2432857080ab8,0x8c85de6323e1808f160cedf67af299d6bbb405bd,117000000000000000000000,117000,6676998.956772277227722773,6559998.956772277227722773
bsc,0xd98438889ae7364c7e2a3540547fad042fb24642,0xc3b8a652e59d59a71b00808c1fb2432857080ab8,out,61700260,0x23420b23e94732ace4eb44d6c5d3322e97dbd691a35d8206e17177b10d8650dc,384,0xc3b8a652e59d59a71b00808c1fb2432857080ab8,0x3a1d9d7ce77616c381e913a1293a44feb9b99b14,90000000000000000000000,90000,6559998.956772277227722773,6469998.956772277227722773
bsc,0xd98438889ae7364c7e2a3540547fad042fb24642,0xc3b8a652e59d59a71b00808c1fb2432857080ab8,out,61820137,0xcf35f3656d1a67382cf8aacea39475b9bf22c24a79189f2ccc85e6e72a180593,580,0xc3b8a652e59d59a71b00808c1fb2432857080ab8,0x3a1d9d7ce77616c381e913a1293a44feb9b99b14,89000000000000000000000,89000,6469998.956772277227722773,6380998.956772277227722773
bsc,0xd98438889ae7364c7e2a3540547fad042fb24642,0xc3b8a652e59d59a71b00808c1fb2432857080ab8,out,63195671,0x6d03d2cf9cd3303c736208ce868a4610728030ae52043662566d518b78e9f579,74,0xc3b8a652e59d59a71b00808c1fb2432857080ab8,0x8c85de6323e1808f160cedf67af299d6bbb405bd,160000000000000000000000,160000,6380998.956772277227722773,6220998.956772277227722773
bsc,0xd98438889ae7364c7e2a3540547fad042fb24642,0xc3b8a652e59d59a71b00808c1fb2432857080ab8,out,63661522,0x93e36b9d3372725c46839d2b9beb7813fd1cdeb6d70cd5dd5118a055a50ae564,235,0xc3b8a652e59d59a71b00808c1fb2432857080ab8,0x3a1d9d7ce77616c381e913a1293a44feb9b99b14,90000000000000000000000,90000,6220998.956772277227722773,6130998.956772277227722773
bsc,0xd98438889ae7364c7e2a3540547fad042fb24642,0xc3b8a652e59d59a71b00808c1fb2432857080ab8,out,63882203,0xc935fe6fdd3772255c06c7f52ad0f6a8a30a437cb3d5fb348799f5126cafbde5,1731,0xc3b8a652e59d59a71b00808c1fb2432857080ab8,0x8c85de6323e1808f160cedf67af299d6bbb405bd,80000000000000000000000,80000,6130998.956772277227722773,6050998.956772277227722773
bsc,0xd98438889ae7364c7e2a3540547fad042fb24642,0xc3b8a652e59d59a71b00808c1fb2432857080ab8,out,64115404,0xa425127d94a0c4d294909e15cc43b3c78475c519bb6b71b0340661262cb69c78,224,0xc3b8a652e59d59a71b00808c1fb2432857080ab8,0x8c85de6323e1808f160cedf67af299d6bbb405bd,90000000000000000000000,90000,6050998.956772277227722773,5960998.956772277227722773
bsc,0xd98438889ae7364c7e2a3540547fad042fb24642,0xc3b8a652e59d59a71b00808c1fb2432857080ab8,out,64128701,0x84feceec15c9481996d362fc4f904b1c382ea8b548fcb7ab4fbee94d9d53e0ff,407,0xc3b8a652e59d59a71b00808c1fb2432857080ab8,0x35ce1677d3d6aaaacd96510704d3c8617a12ee60,90000000000000000000000,90000,5960998.956772277227722773,5870998.956772277227722773
bsc,0xd98438889ae7364c7e2a3540547fad042fb24642,0xc3b8a652e59d59a71b00808c1fb2432857080ab8,out,64790338,0x71be4b4a1b1b3afe80885d89ca9d6f576b6bc6f64d0c5abf85f519cd8ab3d59c,204,0xc3b8a652e59d59a71b00808c1fb2432857080ab8,0x8c85de6323e1808f160cedf67af299d6bbb405bd,97000000000000000000000,97000,5870998.956772277227722773,5773998.956772277227722773
bsc,0xd98438889ae7364c7e2a3540547fad042fb24642,0xc3b8a652e59d59a71b00808c1fb2432857080ab8,out,64805417,0x96d3a98ef1556113ecba40ecad167f2d3215a5c7889d72d3ba050b352a24d3ed,242,0xc3b8a652e59d59a71b00808c1fb2432857080ab8,0x3a1d9d7ce77616c381e913a1293a44feb9b99b14,98000000000000000000000,98000,5773998.956772277227722773,5675998.956772277227722773
bsc,0xd98438889ae7364c7e2a3540547fad042fb24642,0xc3b8a652e59d59a71b00808c1fb2432857080ab8,out,64930040,0x7e754fa89bc8647fcc747d1cfdbe7d422feafb41f747c14248085ad89e5e9796,461,0xc3b8a652e59d59a71b00808c1fb2432857080ab8,0x3a1d9d7ce77616c381e913a1293a44feb9b99b14,90000000000000000000000,90000,5675998.956772277227722773,5585998.956772277227722773
bsc,0xd98438889ae7364c7e2a3540547fad042fb24642,0xc3b8a652e59d59a71b00808c1fb2432857080ab8,out,65132558,0xee2f5e0533ddf5b4a66b17670664861dcd8fa9fbfed4fd6507b6d0fd2ed63c5c,152,0xc3b8a652e59d59a71b00808c1fb2432857080ab8,0x3a1d9d7ce77616c381e913a1293a44feb9b99b14,90000000000000000000000,90000,5585998.956772277227722773,5495998.956772277227722773
bsc,0xd98438889ae7364c7e2a3540547fad042fb24642,0xc3b8a652e59d59a71b00808c1fb2432857080ab8,out,65711851,0x851049b45e5a90a5c2fbb0f9d23e62a285ee8534441858f511b6e6f6886c3f63,110,0xc3b8a652e59d59a71b00808c1fb2432857080ab8,0x8c85de6323e1808f160cedf67af299d6bbb405bd,130000000000000000000000,130000,5495998.956772277227722773,5365998.956772277227722773
bsc,0xd98438889ae7364c7e2a3540547fad042fb24642,0xc3b8a652e59d59a71b00808c1fb2432857080ab8,out,66418406,0xfa816921601436566c27feb2e754fec776e9c8ee89a648d146f881ee6b502118,96,0xc3b8a652e59d59a71b00808c1fb2432857080ab8,0x843bb6a56619a6a175c9cb6b73a6a2eefd4d9946,250000000000000000000000,250000,5365998.956772277227722773,5115998.956772277227722773
bsc,0xd98438889ae7364c7e2a3540547fad042fb24642,0xc3b8a652e59d59a71b00808c1fb2432857080ab8,out,67000671,0x3415991ad9949fc0a0eda54dbf76dd34a234f1a33308ea8f2eda6b0f45ecaa29,78,0xc3b8a652e59d59a71b00808c1fb2432857080ab8,0x843bb6a56619a6a175c9cb6b73a6a2eefd4d9946,120000000000000000000000,120000,5115998.956772277227722773,4995998.956772277227722773
bsc,0xd98438889ae7364c7e2a3540547fad042fb24642,0xc3b8a652e59d59a71b00808c1fb2432857080ab8,out,67686653,0xb885cac69d3e53ef45468bf15c77f86dfcdc21c82420d00f334dd8f652d5c4d9,150,0xc3b8a652e59d59a71b00808c1fb2432857080ab8,0x843bb6a56619a6a175c9cb6b73a6a2eefd4d9946,150000000000000000000000,150000,4995998.956772277227722773,4845998.956772277227722773
bsc,0xd98438889ae7364c7e2a3540547fad042fb24642,0xc3b8a652e59d59a71b00808c1fb2432857080ab8,out,67814528,0xbfb75d679142878af0d7428a85e2e3c1f31740c3bcff6d0471d0743043f26c76,617,0xc3b8a652e59d59a71b00808c1fb2432857080ab8,0x843bb6a56619a6a175c9cb6b73a6a2eefd4d9946,150000000000000000000000,150000,4845998.956772277227722773,4695998.956772277227722773
bsc,0xd98438889ae7364c7e2a3540547fad042fb24642,0xc3b8a652e59d59a71b00808c1fb2432857080ab8,out,68010594,0xfbe6fa5aabb5966bd2ce574071effb610b44f3d2bbe1fb4f993217b82fa92034,105,0xc3b8a652e59d59a71b00808c1fb2432857080ab8,0x843bb6a56619a6a175c9cb6b73a6a2eefd4d9946,130000000000000000000000,130000,4695998.956772277227722773,4565998.956772277227722773
bsc,0xd98438889ae7364c7e2a3540547fad042fb24642,0xc3b8a652e59d59a71b00808c1fb2432857080ab8,out,68028357,0xd630dfe365067fb9d16981f161aeebaeaa00adb4698e0063fa151f8aa2d6274b,74,0xc3b8a652e59d59a71b00808c1fb2432857080ab8,0x843bb6a56619a6a175c9cb6b73a6a2eefd4d9946,70000000000000000000000,70000,4565998.956772277227722773,4495998.956772277227722773
bsc,0xd98438889ae7364c7e2a3540547fad042fb24642,0xc3b8a652e59d59a71b00808c1fb2432857080ab8,out,68391119,0x7c32de9eb13b18e2489ec31fbf65546deb4acc1441e1850e3b404d28b8df0505,186,0xc3b8a652e59d59a71b00808c1fb2432857080ab8,0x843bb6a56619a6a175c9cb6b73a6a2eefd4d9946,130000000000000000000000,130000,4495998.956772277227722773,4365998.956772277227722773
bsc,0xd98438889ae7364c7e2a3540547fad042fb24642,0xc3b8a652e59d59a71b00808c1fb2432857080ab8,out,68927092,0x48c44dc058de535cbed71e2d170b91675cd61d3745e17b74e97c54029b1d0eb8,63,0xc3b8a652e59d59a71b00808c1fb2432857080ab8,0x843bb6a56619a6a175c9cb6b73a6a2eefd4d9946,117000000000000000000000,117000,4365998.956772277227722773,4248998.956772277227722773
bsc,0xd98438889ae7364c7e2a3540547fad042fb24642,0xc3b8a652e59d59a71b00808c1fb2432857080ab8,out,68959947,0x005045b6b16bf3ffeade8f3a0aa8c42b428367304170bb0f558fa18a1e4864ce,810,0xc3b8a652e59d59a71b00808c1fb2432857080ab8,0x843bb6a56619a6a175c9cb6b73a6a2eefd4d9946,90000000000000000000000,90000,4248998.956772277227722773,4158998.956772277227722773
bsc,0xd98438889ae7364c7e2a3540547fad042fb24642,0xc3b8a652e59d59a71b00808c1fb2432857080ab8,out,69308023,0xfb4aa6ce421bb9c4096a485424cd49dbb6d87627dda1e8ec1d6f6316463bfc27,95,0xc3b8a652e59d59a71b00808c1fb2432857080ab8,0x843bb6a56619a6a175c9cb6b73a6a2eefd4d9946,70000000000000000000000,70000,4158998.956772277227722773,4088998.956772277227722773
bsc,0xd98438889ae7364c7e2a3540547fad042fb24642,0xc3b8a652e59d59a71b00808c1fb2432857080ab8,out,69309869,0xf1f2812814a183505f075288def735687df53556fa8381d034f1a12e0eca7c61,1338,0xc3b8a652e59d59a71b00808c1fb2432857080ab8,0x843bb6a56619a6a175c9cb6b73a6a2eefd4d9946,90000000000000000000000,90000,4088998.956772277227722773,3998998.956772277227722773
bsc,0xd98438889ae7364c7e2a3540547fad042fb24642,0xc3b8a652e59d59a71b00808c1fb2432857080ab8,out,69982313,0x114a2dfc8dd1a1ad957f3a7c3de0658cc0aac50102654aadf5099b23fba4af29,96,0xc3b8a652e59d59a71b00808c1fb2432857080ab8,0x843bb6a56619a6a175c9cb6b73a6a2eefd4d9946,90000000000000000000000,90000,3998998.956772277227722773,3908998.956772277227722773
bsc,0xd98438889ae7364c7e2a3540547fad042fb24642,0xc3b8a652e59d59a71b00808c1fb2432857080ab8,out,69982406,0x53f9fd08b91e04875a44d608305904d01228322b42d9a336c7743dc606c15601,170,0xc3b8a652e59d59a71b00808c1fb2432857080ab8,0x843bb6a56619a6a175c9cb6b73a6a2eefd4d9946,80000000000000000000000,80000,3908998.956772277227722773,3828998.956772277227722773
bsc,0xd98438889ae7364c7e2a3540547fad042fb24642,0xc3b8a652e59d59a71b00808c1fb2432857080ab8,out,70095138,0xb31b99a5fb1586acdac564b15da48fd05ca72371d01c98aec287a8d706398726,76,0xc3b8a652e59d59a71b00808c1fb2432857080ab8,0x843bb6a56619a6a175c9cb6b73a6a2eefd4d9946,90000000000000000000000,90000,3828998.956772277227722773,3738998.956772277227722773
bsc,0xd98438889ae7364c7e2a3540547fad042fb24642,0xc3b8a652e59d59a71b00808c1fb2432857080ab8,out,70108846,0x41f82733e489fd5a416a4c52eb39142cd8dcf6736a1c649c612bf20ea0d96772,102,0xc3b8a652e59d59a71b00808c1fb2432857080ab8,0x843bb6a56619a6a175c9cb6b73a6a2eefd4d9946,80000000000000000000000,80000,3738998.956772277227722773,3658998.956772277227722773
bsc,0xd98438889ae7364c7e2a3540547fad042fb24642,0xc3b8a652e59d59a71b00808c1fb2432857080ab8,out,70372441,0x3595319bc7d1ce051e428859609c6ee8df59b6baca347deb87909a2e9a39879c,336,0xc3b8a652e59d59a71b00808c1fb2432857080ab8,0x9d9f224b5201a0bc6baefab4a42f31c00db3bb2d,95000000000000000000000,95000,3658998.956772277227722773,3563998.956772277227722773
bsc,0xd98438889ae7364c7e2a3540547fad042fb24642,0xc3b8a652e59d59a71b00808c1fb2432857080ab8,out,70372490,0x9d2fc4c161c1dedb48186a78c5c34924db79a16820b1fd21048d0759750ce51d,366,0xc3b8a652e59d59a71b00808c1fb2432857080ab8,0x9d9f224b5201a0bc6baefab4a42f31c00db3bb2d,95000000000000000000000,95000,3563998.956772277227722773,3468998.956772277227722773
bsc,0xd98438889ae7364c7e2a3540547fad042fb24642,0xc3b8a652e59d59a71b00808c1fb2432857080ab8,out,71237560,0x9ebafa66763f2ccd06d6015a127544a0c9b9c7b0a6937e27ca6d374196d8edc4,105,0xc3b8a652e59d59a71b00808c1fb2432857080ab8,0x843bb6a56619a6a175c9cb6b73a6a2eefd4d9946,90000000000000000000000,90000,3468998.956772277227722773,3218998.956772277227722773
bsc,0xd98438889ae7364c7e2a3540547fad042fb24642,0xc3b8a652e59d59a71b00808c1fb2432857080ab8,out,71237560,0x9ebafa66763f2ccd06d6015a127544a0c9b9c7b0a6937e27ca6d374196d8edc4,108,0xc3b8a652e59d59a71b00808c1fb2432857080ab8,0x843bb6a56619a6a175c9cb6b73a6a2eefd4d9946,90000000000000000000000,90000,3468998.956772277227722773,3218998.956772277227722773
bsc,0xd98438889ae7364c7e2a3540547fad042fb24642,0xc3b8a652e59d59a71b00808c1fb2432857080ab8,out,71237560,0x9ebafa66763f2ccd06d6015a127544a0c9b9c7b0a6937e27ca6d374196d8edc4,111,0xc3b8a652e59d59a71b00808c1fb2432857080ab8,0x843bb6a56619a6a175c9cb6b73a6a2eefd4d9946,70000000000000000000000,70000,3468998.956772277227722773,3218998.956772277227722773
bsc,0xd98438889ae7364c7e2a3540547fad042fb24642,0xc3b8a652e59d59a71b00808c1fb2432857080ab8,out,71706389,0x7ebb9c91cb6efb2a6a4b64ed0d274e424c14e214bba66cf2752ef0234aa142a2,126,0xc3b8a652e59d59a71b00808c1fb2432857080ab8,0x843bb6a56619a6a175c9cb6b73a6a2eefd4d9946,98000000000000000000000,98000,3218998.956772277227722773,3120998.956772277227722773
bsc,0xd98438889ae7364c7e2a3540547fad042fb24642,0xc3b8a652e59d59a71b00808c1fb2432857080ab8,out,71831132,0x9d1935bbd17bb67887b19e4a9aecdee79a19c6632c1f01a3ce81053ab7d78eb4,326,0xc3b8a652e59d59a71b00808c1fb2432857080ab8,0x843bb6a56619a6a175c9cb6b73a6a2eefd4d9946,97000000000000000000000,97000,3120998.956772277227722773,3023998.956772277227722773
bsc,0xd98438889ae7364c7e2a3540547fad042fb24642,0xc3b8a652e59d59a71b00808c1fb2432857080ab8,out,71836566,0x7753fb80340b787be52aeb22cf9d42bcb2b647229349c78af11c04da753801d7,539,0xc3b8a652e59d59a71b00808c1fb2432857080ab8,0x843bb6a56619a6a175c9cb6b73a6a2eefd4d9946,95000000000000000000000,95000,3023998.956772277227722773,2928998.956772277227722773
bsc,0xd98438889ae7364c7e2a3540547fad042fb24642,0xc3b8a652e59d59a71b00808c1fb2432857080ab8,out,71836618,0x05f5c5174b5599f48f3832f1f24bc3ebec152c94115f3b2eacb5674fe6522f91,161,0xc3b8a652e59d59a71b00808c1fb2432857080ab8,0x843bb6a56619a6a175c9cb6b73a6a2eefd4d9946,90000000000000000000000,90000,2928998.956772277227722773,2838998.956772277227722773
bsc,0xd98438889ae7364c7e2a3540547fad042fb24642,0xc3b8a652e59d59a71b00808c1fb2432857080ab8,out,72049312,0x7b911b99b9a534f86fbafad2a7dde5e34d3fc11df54be60b79e1ecf6c7530103,118,0xc3b8a652e59d59a71b00808c1fb2432857080ab8,0x843bb6a56619a6a175c9cb6b73a6a2eefd4d9946,90000000000000000000000,90000,2838998.956772277227722773,2748998.956772277227722773
bsc,0xd98438889ae7364c7e2a3540547fad042fb24642,0xc3b8a652e59d59a71b00808c1fb2432857080ab8,out,72051472,0x458a521e60a4645af21aaaca83aa5c975c3f80bae117829cd4373c4b10032331,120,0xc3b8a652e59d59a71b00808c1fb2432857080ab8,0x843bb6a56619a6a175c9cb6b73a6a2eefd4d9946,90000000000000000000000,90000,2748998.956772277227722773,2658998.956772277227722773
bsc,0xd98438889ae7364c7e2a3540547fad042fb24642,0xc3b8a652e59d59a71b00808c1fb2432857080ab8,out,72058617,0x0616642b401a623a54fb2e7e486adbc36e54de1139543df19d1d504eb5daf685,46,0xc3b8a652e59d59a71b00808c1fb2432857080ab8,0x843bb6a56619a6a175c9cb6b73a6a2eefd4d9946,80000000000000000000000,80000,2658998.956772277227722773,2578998.956772277227722773
bsc,0xd98438889ae7364c7e2a3540547fad042fb24642,0xc3b8a652e59d59a71b00808c1fb2432857080ab8,out,72638092,0xe72f4142d674e635cc7888624a56580275ba4f96feca5d216c9c00fd8d967cd1,167,0xc3b8a652e59d59a71b00808c1fb2432857080ab8,0x843bb6a56619a6a175c9cb6b73a6a2eefd4d9946,90000000000000000000000,90000,2578998.956772277227722773,2488998.956772277227722773
bsc,0xd98438889ae7364c7e2a3540547fad042fb24642,0xc3b8a652e59d59a71b00808c1fb2432857080ab8,out,72639580,0x50ea4f421d8a88dcf5ef8fefa352321146f8b6ecf78f3a3453c3742cbb681e10,644,0xc3b8a652e59d59a71b00808c1fb2432857080ab8,0x843bb6a56619a6a175c9cb6b73a6a2eefd4d9946,90000000000000000000000,90000,2488998.956772277227722773,2398998.956772277227722773
bsc,0xd98438889ae7364c7e2a3540547fad042fb24642,0xc3b8a652e59d59a71b00808c1fb2432857080ab8,out,73322726,0xd691081122718465f016e596dbea4aba219e382c04445798820f6419632a9685,77,0xc3b8a652e59d59a71b00808c1fb2432857080ab8,0x843bb6a56619a6a175c9cb6b73a6a2eefd4d9946,90000000000000000000000,90000,2398998.956772277227722773,2308998.956772277227722773
bsc,0xd98438889ae7364c7e2a3540547fad042fb24642,0xc3b8a652e59d59a71b00808c1fb2432857080ab8,out,73327840,0x20485a137435f99b7c388ee4a36009ce067622541d03c99db616841e329cbed0,75,0xc3b8a652e59d59a71b00808c1fb2432857080ab8,0x843bb6a56619a6a175c9cb6b73a6a2eefd4d9946,90000000000000000000000,90000,2308998.956772277227722773,2218998.956772277227722773
bsc,0xd98438889ae7364c7e2a3540547fad042fb24642,0xc3b8a652e59d59a71b00808c1fb2432857080ab8,out,73445265,0xf5139825019a5375742ab412505e73c405da097c26a3733f1a52412fdefe26f6,141,0xc3b8a652e59d59a71b00808c1fb2432857080ab8,0x843bb6a56619a6a175c9cb6b73a6a2eefd4d9946,90000000000000000000000,90000,2218998.956772277227722773,2128998.956772277227722773
bsc,0xd98438889ae7364c7e2a3540547fad042fb24642,0xc3b8a652e59d59a71b00808c1fb2432857080ab8,out,73469641,0xc0a63eb0acf8b154a0f7f39e636da79468194308e75f20d797e922f08e0ad5a3,118,0xc3b8a652e59d59a71b00808c1fb2432857080ab8,0x843bb6a56619a6a175c9cb6b73a6a2eefd4d9946,90000000000000000000000,90000,2128998.956772277227722773,2038998.956772277227722773
bsc,0xd98438889ae7364c7e2a3540547fad042fb24642,0xc3b8a652e59d59a71b00808c1fb2432857080ab8,out,73552295,0x85bf1821215227325c955c9c124a66c1b91bd2a8fecf239a9436cdfb5c634570,82,0xc3b8a652e59d59a71b00808c1fb2432857080ab8,0x843bb6a56619a6a175c9cb6b73a6a2eefd4d9946,90000000000000000000000,90000,2038998.956772277227722773,1948998.956772277227722773
bsc,0xd98438889ae7364c7e2a3540547fad042fb24642,0xc3b8a652e59d59a71b00808c1fb2432857080ab8,out,73552564,0x846c4050ac4a99e15c50071f874562438be099c739c1f1386ee20eb99bda9b2e,43,0xc3b8a652e59d59a71b00808c1fb2432857080ab8,0x843bb6a56619a6a175c9cb6b73a6a2eefd4d9946,90000000000000000000000,90000,1948998.956772277227722773,1858998.956772277227722773
bsc,0xd98438889ae7364c7e2a3540547fad042fb24642,0xc3b8a652e59d59a71b00808c1fb2432857080ab8,out,73553255,0xe70ebaed68ed4fae9cea76f5cf20589b6a362d1fdd91c729935d221aa3e6e3d9,279,0xc3b8a652e59d59a71b00808c1fb2432857080ab8,0x3a1d9d7ce77616c381e913a1293a44feb9b99b14,86000000000000000000000,86000,1858998.956772277227722773,1772998.956772277227722773
bsc,0xd98438889ae7364c7e2a3540547fad042fb24642,0xc3b8a652e59d59a71b00808c1fb2432857080ab8,out,73565062,0x327e7a7610414a5aed759f5f5a9a31b6ad15869d0bc7b0402cc1fa6cdc05b20b,355,0xc3b8a652e59d59a71b00808c1fb2432857080ab8,0x3a1d9d7ce77616c381e913a1293a44feb9b99b14,97000000000000000000000,97000,1772998.956772277227722773,1675998.956772277227722773
bsc,0xd98438889ae7364c7e2a3540547fad042fb24642,0xc3b8a652e59d59a71b00808c1fb2432857080ab8,out,75239070,0x9c50c0dbea356cee31f0a069b86c6a4be2c746a51a6acfd090a067c5a8c2491b,284,0xc3b8a652e59d59a71b00808c1fb2432857080ab8,0x3a1d9d7ce77616c381e913a1293a44feb9b99b14,90000000000000000000000,90000,1675998.956772277227722773,1585998.956772277227722773
bsc,0xd98438889ae7364c7e2a3540547fad042fb24642,0xc3b8a652e59d59a71b00808c1fb2432857080ab8,out,75373154,0x6a5467352550fe5d0427178fb60d98f0fae75386b707bf683b88cb4ad87afed4,58,0xc3b8a652e59d59a71b00808c1fb2432857080ab8,0x3a1d9d7ce77616c381e913a1293a44feb9b99b14,90000000000000000000000,90000,1585998.956772277227722773,1495998.956772277227722773
bsc,0xd98438889ae7364c7e2a3540547fad042fb24642,0xc3b8a652e59d59a71b00808c1fb2432857080ab8,out,75373578,0x43396b4a50c3ec132496704d6c45809bed53acecba154e172bb7486aef63904c,114,0xc3b8a652e59d59a71b00808c1fb2432857080ab8,0x3a1d9d7ce77616c381e913a1293a44feb9b99b14,90000000000000000000000,90000,1495998.956772277227722773,1405998.956772277227722773
bsc,0xd98438889ae7364c7e2a3540547fad042fb24642,0xc3b8a652e59d59a71b00808c1fb2432857080ab8,out,75376474,0xf38c896e5831fa897a53b770623d7145a7f1f991407b97bdfef55a9870de7ed8,323,0xc3b8a652e59d59a71b00808c1fb2432857080ab8,0x3a1d9d7ce77616c381e913a1293a44feb9b99b14,90000000000000000000000,90000,1405998.956772277227722773,1315998.956772277227722773
bsc,0xd98438889ae7364c7e2a3540547fad042fb24642,0xc3b8a652e59d59a71b00808c1fb2432857080ab8,out,75376574,0xa7b4af51e33ff6656d0497fce22694ff6e282e30a915e0a38ab7c5470665f6bc,281,0xc3b8a652e59d59a71b00808c1fb2432857080ab8,0x3a1d9d7ce77616c381e913a1293a44feb9b99b14,90000000000000000000000,90000,1315998.956772277227722773,1225998.956772277227722773
bsc,0xd98438889ae7364c7e2a3540547fad042fb24642,0xc3b8a652e59d59a71b00808c1fb2432857080ab8,out,75609527,0x19e88670aa9190d414b7d14e514bc214f6cd8d06f3ee85fd3a8bd2e1e21d60c1,441,0xc3b8a652e59d59a71b00808c1fb2432857080ab8,0x3a1d9d7ce77616c381e913a1293a44feb9b99b14,90000000000000000000000,90000,1225998.956772277227722773,1135998.956772277227722773
bsc,0xd98438889ae7364c7e2a3540547fad042fb24642,0xc3b8a652e59d59a71b00808c1fb2432857080ab8,out,76723404,0x45d679dfcea670f0f0df013085a2f33fd9d543f6c8c28430e670193850a116f1,1250,0xc3b8a652e59d59a71b00808c1fb2432857080ab8,0x9d9f224b5201a0bc6baefab4a42f31c00db3bb2d,90000000000000000000000,90000,1135998.956772277227722773,1045998.956772277227722773
bsc,0xd98438889ae7364c7e2a3540547fad042fb24642,0xc3b8a652e59d59a71b00808c1fb2432857080ab8,out,76723647,0xb42d09c3d7008c9e4e4151f42d37893852ae88458bb0545691eb70e01b536ec6,445,0xc3b8a652e59d59a71b00808c1fb2432857080ab8,0x9d9f224b5201a0bc6baefab4a42f31c00db3bb2d,60000000000000000000000,60000,1045998.956772277227722773,985998.956772277227722773
bsc,0xd98438889ae7364c7e2a3540547fad042fb24642,0xc3b8a652e59d59a71b00808c1fb2432857080ab8,out,89584644,0x2e81f5593ac2071faedc0916f87653049734da0f148ce778950d76fef23c7612,213,0xc3b8a652e59d59a71b00808c1fb2432857080ab8,0x18ec3e97b76ad4524bd76b1339d319fa4a41f685,287558000000000000000000,287558,985998.956772277227722773,698440.956772277227722773
bsc,0xd98438889ae7364c7e2a3540547fad042fb24642,0xc3b8a652e59d59a71b00808c1fb2432857080ab8,out,89585909,0x1a66a19a91232ae9a6faeb6a8ff73dbdbb6cf4d4fc2f70e069d3827eacc3f448,299,0xc3b8a652e59d59a71b00808c1fb2432857080ab8,0x18ec3e97b76ad4524bd76b1339d319fa4a41f685,198440000000000000000000,198440,698440.956772277227722773,500000.956772277227722773
bsc,0xd98438889ae7364c7e2a3540547fad042fb24642,0xc3b8a652e59d59a71b00808c1fb2432857080ab8,out,89763281,0xb3a0c71e77a4ed7dd739d7af1d67ddbb7180499045a1be765542ac394f2f228d,242,0xc3b8a652e59d59a71b00808c1fb2432857080ab8,0x18ec3e97b76ad4524bd76b1339d319fa4a41f685,212453000000000000000000,212453,500000.956772277227722773,287547.956772277227722773
bsc,0xd98438889ae7364c7e2a3540547fad042fb24642,0xc3b8a652e59d59a71b00808c1fb2432857080ab8,out,90381475,0x0ec5f9836f18754bed9c8eb81728506445655a9b70f9dac1f3a8fdf0f8215c94,256,0xc3b8a652e59d59a71b00808c1fb2432857080ab8,0x0b88f2d704314099e089362a5965352ced8ff925,287547956772277227722773,287547.956772277227722773,287547.956772277227722773,0
